{"2": {"inertia": 184216.34456413632, "silhouette_score": 0.7173612406938324}, "3": {"inertia": 119921.99087408395, "silhouette_score": 0.3594655486538429}, "4": {"inertia": 79017.46967664952, "silhouette_score": 0.3730950509103302}, "5": {"inertia": 63482.12678046939, "silhouette_score": 0.3484186354230124}, "6": {"inertia": 52423.84973057828, "silhouette_score": 0.3464323791604862}, "7": {"inertia": 43786.44220279975, "silhouette_score": 0.36198849314633313}, "8": {"inertia": 38228.3380381024, "silhouette_score": 0.3532918020248585}, "9": {"inertia": 34241.31037675951, "silhouette_score": 0.35151092942891915}, "10": {"inertia": 31058.438328495613, "silhouette_score": 0.3553607501222959}}